Longitude,Latitude,Speed,Distance,Time,Acc X,Acc Y,Acc Z,Heading,gyro_x,gyro_y,gyro_z
0.0,0.0,0.0,0.0,15-43-21,0.3114028,-0.26490974,0.10727668,258.0,0.026881555,-0.018328333,0.019550223
0.0,0.0,0.0,0.0,15-43-21,0.09316361,-0.09186649,0.07963753,258.0,-0.0036656666,-0.009775111,-0.024437778
0.0,0.0,0.0,0.0,15-43-22,0.09486127,-0.0916605,0.0788753,258.0,0.0,-0.010997,-0.03543478
0.0,0.0,0.0,0.0,15-43-22,0.09486127,-0.0916605,0.0788753,258.0,0.0,-0.010997,-0.03543478
0.0,0.0,0.0,0.0,15-43-22,0.09486127,-0.0916605,0.0788753,258.0,0.0,-0.010997,-0.03543478
0.0,0.0,0.0,0.0,15-43-22,0.030361176,-0.1931696,0.030906081,258.0,-0.0012218889,-0.008553222,-0.009775111
0.0,0.0,0.0,0.0,15-43-22,0.030361176,-0.1931696,0.030906081,258.0,-0.0012218889,-0.0048875557,-0.018328333
0.0,0.0,0.0,0.0,15-43-22,-0.011578441,-0.08371925,0.059923172,258.0,-0.007331333,-0.0048875557,-0.014662666
0.0,0.0,0.0,0.0,15-43-22,-0.011578441,-0.08371925,0.059923172,258.0,-0.007331333,-0.0048875557,-0.014662666
0.0,0.0,0.0,0.0,15-43-22,-0.11472821,-0.113957405,1.0206478,258.0,0.0024437779,-0.010997,-0.012218889
0.0,0.0,0.0,0.0,15-43-22,-0.13233757,-0.059972763,0.56003606,258.0,0.0024437779,-0.009775111,-0.0024437779
0.0,0.0,0.0,0.0,15-43-22,0.0723784,-0.08176899,-0.6913024,258.0,0.0036656666,0.0024437779,-0.012218889
0.0,0.0,0.0,0.0,15-43-22,-0.012379646,-0.17058563,0.69439113,258.0,0.0,-0.010997,-0.009775111
0.0,0.0,0.0,0.0,15-43-22,-0.012379646,-0.17058563,0.69439113,258.0,0.0,-0.010997,-0.009775111
0.0,0.0,0.0,0.0,15-43-22,-0.008418918,-0.07072735,-0.3435092,258.0,-0.0061094444,-0.0012218889,-0.013440778
0.0,0.0,0.0,0.0,15-43-22,0.007915497,-0.12308216,0.21932352,259.0,0.0036656666,-0.0061094444,-0.007331333
0.0,0.0,0.0,0.0,15-43-22,0.007915497,-0.12308216,0.21932352,259.0,0.0036656666,-0.0061094444,-0.007331333
0.0,0.0,0.0,0.0,15-43-22,0.038113832,-0.0886116,0.020409584,259.0,0.007331333,-0.0012218889,-0.0012218889
0.0,0.0,0.0,0.0,15-43-22,0.038113832,-0.0886116,0.020409584,259.0,0.007331333,-0.0048875557,-0.0036656666
0.0,0.0,0.0,0.0,15-43-22,0.033920646,-0.14417171,0.060051084,259.0,0.0024437779,-0.0061094444,-0.007331333
0.0,0.0,0.0,0.0,15-43-22,0.013942957,-0.1383543,0.10996175,259.0,0.008553222,-0.0036656666,0.0061094444
0.0,0.0,0.0,0.0,15-43-22,0.013942957,-0.1383543,0.10996175,259.0,0.010997,-0.0036656666,0.007331333
0.0,0.0,0.0,0.0,15-43-22,0.07051933,-0.09765053,0.018159747,259.0,0.007331333,0.0012218889,-0.0036656666
0.0,0.0,0.0,0.0,15-43-22,0.07051933,-0.09765053,0.018159747,259.0,0.007331333,0.0012218889,-0.0036656666
0.0,0.0,0.0,0.0,15-43-22,-0.023350596,-0.11266327,0.18194866,259.0,0.0,-0.013440778,-0.007331333
0.0,0.0,0.0,0.0,15-43-22,-0.036236405,-0.11237526,0.118175864,259.0,-0.007331333,-0.007331333,0.0036656666
0.0,0.0,0.0,0.0,15-43-22,-0.036236405,-0.11237526,0.118175864,259.0,-0.0024437779,-0.009775111,0.0024437779
0.0,0.0,0.0,0.0,15-43-22,0.007314563,-0.118593216,0.034610987,259.0,0.0048875557,-0.0048875557,0.0024437779
0.0,0.0,0.0,0.0,15-43-22,0.039975405,-0.11769199,0.06146872,259.0,0.0,-0.0061094444,-0.0048875557
0.0,0.0,0.0,0.0,15-43-22,0.043711424,-0.13187885,0.069777966,259.0,-0.007331333,-0.0061094444,-0.007331333
0.0,0.0,0.0,0.0,15-43-22,-0.05776143,-0.12425804,0.118994236,259.0,0.0048875557,0.0,0.0036656666
0.0,0.0,0.0,0.0,15-43-22,-0.05776143,-0.12425804,0.118994236,259.0,0.010997,-0.010997,0.0036656666
0.0,0.0,0.0,0.0,15-43-22,0.021362543,-0.12133217,0.085562825,259.0,0.010997,-0.010997,0.0036656666
0.0,0.0,0.0,0.0,15-43-22,0.024432778,-0.13631153,0.033702016,259.0,0.0012218889,-0.0061094444,-0.0012218889
0.0,0.0,0.0,0.0,15-43-22,0.034572244,-0.1555872,0.08418667,259.0,-0.0048875557,-0.0048875557,-0.0048875557
0.0,0.0,0.0,0.0,15-43-22,0.014106512,-0.09221363,0.089978814,259.0,-0.009775111,-0.009775111,-0.008553222
0.0,0.0,0.0,0.0,15-43-22,0.014106512,-0.09221363,0.089978814,259.0,-0.012218889,-0.012218889,-0.010997
0.0,0.0,0.0,0.0,15-43-22,-0.0038998127,-0.124643326,0.06359279,259.0,-0.014662666,-0.0036656666,-0.013440778
0.0,0.0,0.0,0.0,15-43-22,-0.043789625,-0.12873173,0.093892336,259.0,-0.014662666,-0.0036656666,-0.013440778
0.0,0.0,0.0,0.0,15-43-22,0.0044486523,-0.13192177,0.07361257,259.0,-0.008553222,-0.012218889,-0.0012218889
0.0,0.0,0.0,0.0,15-43-22,-0.03986919,-0.06717491,0.079934716,259.0,0.0061094444,-0.009775111,-0.018328333
0.0,0.0,0.0,0.0,15-43-22,-0.03986919,-0.06717491,0.079934716,259.0,0.0061094444,-0.009775111,-0.018328333
0.0,0.0,0.0,0.0,15-43-22,-0.040235877,-0.06573486,0.06336343,259.0,-0.008553222,-0.007331333,-0.013440778
0.0,0.0,0.0,0.0,15-43-22,-0.040235877,-0.06573486,0.06336343,259.0,-0.008553222,-0.007331333,-0.013440778
0.0,0.0,0.0,0.0,15-43-22,0.0701257,-0.09897804,0.07764387,259.0,0.0,-0.0061094444,-0.009775111
0.0,0.0,0.0,0.0,15-43-22,-0.033426046,-0.07531357,0.005098939,259.0,-0.0012218889,0.017106444,-0.009775111
0.0,0.0,0.0,0.0,15-43-22,-0.033426046,-0.07531357,0.005098939,259.0,-0.0012218889,0.017106444,-0.009775111
0.0,0.0,0.0,0.0,15-43-22,0.08040345,-0.11754322,0.13005841,259.0,-0.018328333,-0.014662666,-0.0036656666
0.0,0.0,0.0,0.0,15-43-22,0.12545955,-0.13335133,0.21376836,259.0,-0.018328333,-0.014662666,-0.0036656666
0.0,0.0,0.0,0.0,15-43-22,0.0859077,-0.12672329,0.223387,259.0,0.026881555,-0.02077211,-0.009775111
0.0,0.0,0.0,0.0,15-43-22,0.062661886,-0.05721283,0.23302984,259.0,0.014662666,-0.023215888,-0.021994
0.0,0.0,0.0,0.0,15-43-22,0.062661886,-0.05721283,0.23302984,259.0,0.014662666,-0.023215888,-0.021994
0.0,0.0,0.0,0.0,15-43-23,-0.09253025,-0.08003235,-0.07090807,259.0,0.0048875557,-0.017106444,-0.018328333
0.0,0.0,0.0,0.0,15-43-23,-0.085561275,-0.06708622,0.100704074,259.0,-0.009775111,0.0012218889,-0.009775111
0.0,0.0,0.0,0.0,15-43-23,-0.085108876,-0.06729412,0.0990597,259.0,-0.0061094444,0.0,-0.0036656666
0.0,0.0,0.0,0.0,15-43-23,-0.03923869,-0.13588619,0.13301969,259.0,-0.0012218889,-0.017106444,0.0024437779
0.0,0.0,0.0,0.0,15-43-23,-0.03923869,-0.13588619,0.13301969,259.0,-0.0012218889,-0.017106444,0.0024437779
0.0,0.0,0.0,0.0,15-43-23,0.036485314,-0.05629635,0.08825493,259.0,0.009775111,-0.0024437779,-0.0024437779
0.0,0.0,0.0,0.0,15-43-23,-0.029569507,-0.10706711,-0.0074472427,259.0,0.009775111,-0.0024437779,-0.0024437779
0.0,0.0,0.0,0.0,15-43-23,-0.060639977,-0.1170702,0.07461071,259.0,-0.0061094444,-0.0061094444,0.0
0.0,0.0,0.0,0.0,15-43-23,0.013056755,-0.10961819,0.075987935,259.0,0.0,-0.0024437779,0.0024437779
0.0,0.0,0.0,0.0,15-43-23,0.013056755,-0.10961819,0.075987935,259.0,0.0,-0.0024437779,0.0024437779
0.0,0.0,0.0,0.0,15-43-23,0.018108249,-0.14102077,0.09288764,259.0,0.0024437779,-0.008553222,-0.0048875557
0.0,0.0,0.0,0.0,15-43-23,0.062592864,-0.09517193,0.08566141,259.0,0.0024437779,-0.008553222,-0.0048875557
0.0,0.0,0.0,0.0,15-43-23,0.0046645403,-0.09608936,0.010026932,259.0,0.007331333,-0.009775111,-0.0048875557
0.0,0.0,0.0,0.0,15-43-23,-0.01763177,-0.113129616,0.06100917,259.0,0.008553222,-0.007331333,-0.0036656666
0.0,0.0,0.0,0.0,15-43-23,-0.01763177,-0.113129616,0.06100917,259.0,0.008553222,-0.007331333,-0.0036656666
0.0,0.0,0.0,0.0,15-43-23,-0.011623383,-0.14703655,0.068496466,259.0,0.0,-0.0048875557,0.0024437779
0.0,0.0,0.0,0.0,15-43-23,0.017608285,-0.14319038,0.03653705,259.0,0.0,-0.0048875557,0.0024437779
0.0,0.0,0.0,0.0,15-43-23,0.041799784,-0.09422207,0.03828299,259.0,0.0061094444,-0.009775111,-0.007331333
0.0,0.0,0.0,0.0,15-43-23,-0.0062322617,-0.11920643,0.10213494,259.0,0.0012218889,-0.0036656666,-0.0024437779
0.0,0.0,0.0,0.0,15-43-23,-0.0062322617,-0.11920643,0.10213494,259.0,0.0012218889,-0.0036656666,-0.0024437779
0.0,0.0,0.0,0.0,15-43-23,0.08648002,-0.124708176,0.06501341,259.0,0.0024437779,-0.0061094444,0.0024437779
0.0,0.0,0.0,0.0,15-43-23,0.08648002,-0.124708176,0.06501341,259.0,0.0024437779,-0.0061094444,0.0024437779
0.0,0.0,0.0,0.0,15-43-23,0.074344635,-0.11236477,0.12987423,259.0,0.0,-0.0036656666,-0.023215888
0.0,0.0,0.0,0.0,15-43-23,-0.16402245,-0.1845293,0.06387377,259.0,-0.013440778,0.010997,-0.018328333
0.0,0.0,0.0,0.0,15-43-23,-0.16402245,-0.1845293,0.06387377,259.0,-0.013440778,0.010997,-0.018328333
0.0,0.0,0.0,0.0,15-43-23,0.036780715,-0.17037868,0.24234855,259.0,-0.015884556,-0.008553222,0.0
0.0,0.0,0.0,0.0,15-43-23,0.09768903,-0.17994404,0.033664465,259.0,0.017106444,-0.019550223,-0.02077211
0.0,0.0,0.0,0.0,15-43-23,-0.01835823,-0.28006554,-0.10279918,259.0,0.010997,-0.012218889,-0.025659667
0.0,0.0,0.0,0.0,15-43-23,0.06946206,-0.0018949509,0.081659794,259.0,-0.0061094444,-0.007331333,-0.04520989
0.0,0.0,0.0,0.0,15-43-23,0.06946206,-0.0018949509,0.081659794,259.0,-0.0061094444,-0.007331333,-0.04520989
0.0,0.0,0.0,0.0,15-43-23,0.06946206,-0.0018949509,0.081659794,259.0,-0.0061094444,-0.007331333,-0.04520989
0.0,0.0,0.0,0.0,15-43-23,0.39265025,-0.3213129,0.24359918,259.0,0.0024437779,0.030547222,-0.105082445
0.0,0.0,0.0,0.0,15-43-23,0.39265025,-0.3213129,0.24359918,259.0,0.0024437779,0.030547222,-0.105082445
0.0,0.0,0.0,0.0,15-43-23,-0.15539384,0.047769547,0.26635206,259.0,-0.017106444,0.0,-0.16862066
0.0,0.0,0.0,0.0,15-43-23,-0.15539384,0.047769547,0.26635206,259.0,-0.017106444,0.0,-0.16862066
0.0,0.0,0.0,0.0,15-43-23,-0.23210835,0.11299515,-0.19625211,259.0,-0.025659667,0.017106444,-0.08431033
0.0,0.0,0.0,0.0,15-43-23,-0.23210835,0.11299515,-0.19625211,259.0,-0.025659667,0.017106444,-0.08431033
0.0,0.0,0.0,0.0,15-43-23,-0.4743514,0.046629906,0.13649869,259.0,-0.040322334,0.032991,-0.043988
0.0,0.0,0.0,0.0,15-43-23,0.16903102,-0.21453667,-0.032602668,259.0,-0.02077211,0.029325332,0.048875555
0.0,0.0,0.0,0.0,15-43-23,0.16903102,-0.21453667,-0.032602668,259.0,-0.02077211,0.029325332,0.048875555
0.0,0.0,0.0,0.0,15-43-23,0.1079272,-0.3549261,0.15665555,259.0,-0.015884556,0.019550223,0.018328333
0.0,0.0,0.0,0.0,15-43-23,0.11970687,-0.355731,0.01616919,259.0,-0.025659667,0.0024437779,-0.043988
0.0,0.0,0.0,0.0,15-43-23,0.07110071,-0.22705841,-0.18028498,259.0,-0.025659667,0.0024437779,-0.043988
0.0,0.0,0.0,0.0,15-43-23,-0.057388544,-0.07400036,-0.15632617,259.0,0.0048875557,0.33357567,-0.024437778
0.0,0.0,0.0,0.0,15-43-23,-0.057388544,-0.07400036,-0.15632617,259.0,0.0048875557,0.33357567,-0.024437778
0.0,0.0,0.0,0.0,15-43-23,-0.0034840107,0.042438507,-0.50898576,259.0,0.0048875557,0.33357567,-0.024437778
0.0,0.0,0.0,0.0,15-43-23,-0.021557808,0.042137146,-0.48881114,259.0,-0.007331333,0.58650666,0.025659667
0.0,0.0,0.0,0.0,15-43-23,0.046806335,0.046818733,-0.4991815,259.0,-0.015884556,0.70869553,0.047653668
0.0,0.0,0.0,0.0,15-43-23,0.030208945,-0.17469025,-0.60684407,259.0,-0.095307335,1.4711542,0.16128933
0.0,0.0,0.0,0.0,15-43-23,0.030208945,-0.17469025,-0.60684407,259.0,-0.095307335,1.4711542,0.16128933
0.0,0.0,0.0,0.0,15-43-24,0.0778805,-0.33998203,-0.5215454,259.0,-0.14662667,1.616559,0.142961
0.0,0.0,0.0,0.0,15-43-24,0.071187735,-0.42529774,-0.011544347,259.0,-0.14662667,1.616559,0.142961
0.0,0.0,0.0,0.0,15-43-24,0.30397034,-0.46050453,0.14763415,258.0,-0.142961,1.6018963,0.0
0.0,0.0,0.0,0.0,15-43-24,-0.09411454,-0.34386158,-0.36382675,256.0,-0.31402543,1.748523,-0.33113188
0.0,0.0,0.0,0.0,15-43-24,-0.09411454,-0.34386158,-0.36382675,256.0,-0.31402543,1.748523,-0.33113188
0.0,0.0,0.0,0.0,15-43-24,0.072711706,-0.18632984,0.22119415,255.0,-0.21138678,1.9000373,-0.36656666
0.0,0.0,0.0,0.0,15-43-24,0.06746328,-0.18523502,0.2303747,255.0,-0.14418289,1.9757942,-0.4081109
0.0,0.0,0.0,0.0,15-43-24,0.1515218,-0.11418629,0.16145408,255.0,-0.085532226,2.0344448,-0.44843322
0.0,0.0,0.0,0.0,15-43-24,-0.18704617,-0.09242344,-0.6203017,252.0,-0.014662666,2.0955396,-0.30913788
0.0,0.0,0.0,0.0,15-43-24,-0.18704617,-0.09242344,-0.6203017,252.0,-0.014662666,2.0955396,-0.30913788
0.0,0.0,0.0,0.0,15-43-24,-0.21731007,0.18370438,-0.17426276,250.0,-0.10874811,2.2152843,-0.22360566
0.0,0.0,0.0,0.0,15-43-24,-0.21069396,0.28625107,-0.2543304,250.0,-0.10874811,2.2788227,-0.22238378
0.0,0.0,0.0,0.0,15-43-24,-0.1839788,-0.017353058,0.10165501,249.0,-0.11119189,2.308148,-0.21260867
0.0,0.0,0.0,0.0,15-43-24,-0.010123849,-0.2312231,0.76335335,243.0,-0.040322334,2.1065364,-0.27003744
0.0,0.0,0.0,0.0,15-43-24,-0.010123849,-0.2312231,0.76335335,243.0,-0.040322334,2.1065364,-0.27003744
0.0,0.0,0.0,0.0,15-43-24,0.15923631,0.16021252,0.5581455,241.0,0.0036656666,2.0197823,-0.296919
0.0,0.0,0.0,0.0,15-43-24,-0.12692237,0.06355572,-0.02109623,241.0,0.081866555,2.0344448,-0.28103444
0.0,0.0,0.0,0.0,15-43-24,-0.5352205,0.28451538,-0.61564875,239.0,0.07820089,2.0735452,-0.252931
0.0,0.0,0.0,0.0,15-43-24,0.2893722,-0.47297668,0.30848908,235.0,-0.13685155,2.055217,-0.241934
0.0,0.0,0.0,0.0,15-43-24,0.2893722,-0.47297668,0.30848908,235.0,-0.13685155,2.055217,-0.241934
0.0,0.0,0.0,0.0,15-43-24,-0.21328902,0.014759064,0.3729167,233.0,-0.10630433,2.0283356,-0.23704645
0.0,0.0,0.0,0.0,15-43-24,0.08002132,-0.0010404587,0.69277406,233.0,-0.10630433,2.0283356,-0.23704645
0.0,0.0,0.0,0.0,15-43-24,0.06080246,-0.13453674,0.10694718,231.0,0.030547222,2.0075636,-0.25781855
0.0,0.0,0.0,0.0,15-43-24,0.09026641,-0.04353428,-0.24423957,225.0,0.64515734,1.7167538,-0.48631176
0.0,0.0,0.0,0.0,15-43-24,0.09026641,-0.04353428,-0.24423957,225.0,0.64515734,1.7167538,-0.48631176
0.0,0.0,0.0,0.0,15-43-24,-0.31626648,-0.06290531,-2.077409,224.0,0.36901045,1.825502,-0.38978255
0.0,0.0,0.0,0.0,15-43-24,-0.5701643,-0.030133247,-1.2777781,222.0,0.10997,1.9098125,-0.3396851
0.0,0.0,0.0,0.0,15-43-24,-0.6455706,0.15141582,-0.66038513,222.0,-0.2541529,2.0686579,-0.1857271
0.0,0.0,0.0,0.0,15-43-24,-0.2669077,0.20046234,0.15355945,218.0,-0.22604944,2.3826833,0.14540477
0.0,0.0,0.0,0.0,15-43-24,-0.18804272,-0.120586395,-0.06607413,218.0,-0.22604944,2.3826833,0.14540477
0.0,0.0,0.0,0.0,15-43-24,-0.053058542,-0.2262516,0.14981556,215.0,-0.28470013,2.3276982,0.20038977
0.0,0.0,0.0,0.0,15-43-24,-0.04132647,-0.29114628,0.32490182,215.0,-0.33113188,2.2812667,0.21871811
0.0,0.0,0.0,0.0,15-43-24,0.029323071,-0.31937313,0.76711535,212.0,-0.33846322,2.1163116,0.19672412
0.0,0.0,0.0,0.0,15-43-24,0.390782,-0.75697803,0.9399133,201.0,-0.16128933,1.5933431,0.04154422
0.0,0.0,0.0,0.0,15-43-24,0.390782,-0.75697803,0.9399133,201.0,-0.16128933,1.5933431,0.04154422
0.0,0.0,0.0,0.0,15-43-24,0.5082727,-0.75847816,1.3418036,197.0,-0.10263867,1.1974511,-0.14784856
0.0,0.0,0.0,0.0,15-43-24,0.4176926,-0.6278372,1.4176817,194.0,-0.08308844,0.9775111,-0.21627434
0.0,0.0,0.0,0.0,15-43-24,0.30523634,0.015782356,1.5345926,194.0,-0.010997,0.5486281,-0.32257867
0.0,0.0,0.0,0.0,15-43-24,-0.5346605,0.92403316,0.14174461,188.0,0.19183655,-0.30913788,-0.175952
0.0,0.0,0.0,0.0,15-43-24,-0.5346605,0.92403316,0.14174461,188.0,0.19183655,-0.30913788,-0.175952
0.0,0.0,0.0,0.0,15-43-24,-0.5454139,0.6679802,-0.885519,185.0,0.06720389,-0.29080954,0.028103445
0.0,0.0,0.0,0.0,15-43-24,-0.58533764,0.54999256,-0.77914405,183.0,-0.024437778,-0.26148424,0.123410776
0.0,0.0,0.0,0.0,15-43-24,0.080965936,0.013380051,-0.09391713,183.0,-0.197946,-0.19550222,0.25904045
0.0,0.0,0.0,0.0,15-43-24,0.42285073,-0.5683212,0.9229784,180.0,-0.036656667,-0.40322334,0.087976
0.0,0.0,0.0,0.0,15-43-24,0.42285073,-0.5683212,0.9229784,180.0,-0.036656667,-0.40322334,0.087976
0.0,0.0,0.0,0.0,15-43-24,0.21353859,-0.12068939,0.69155085,178.0,0.052541222,-0.63904786,0.0048875557
0.0,0.0,0.0,0.0,15-43-24,-0.037572324,0.006375313,0.5900296,175.0,0.085532226,-0.7429084,0.0061094444
0.0,0.0,0.0,0.0,15-43-24,0.29298317,-0.3157444,0.52141047,175.0,0.11607944,-0.88464755,0.018328333
0.0,0.0,0.0,0.0,15-43-24,0.21000713,-0.44855118,0.91141784,168.0,0.15151422,-1.6788753,-0.24804345
0.0,0.0,0.0,0.0,15-43-24,0.21000713,-0.44855118,0.91141784,168.0,0.15151422,-1.6788753,-0.24804345
0.0,0.0,0.0,0.0,15-43-25,-0.2550031,0.10389233,0.6918105,165.0,0.164955,-1.9379158,-0.21505244
0.0,0.0,0.0,0.0,15-43-25,-0.6224443,0.5254507,-0.004048586,163.0,0.15884556,-1.9696848,-0.13807344
0.0,0.0,0.0,0.0,15-43-25,-0.68340737,0.514678,-0.1925838,163.0,0.16006744,-1.9635756,-0.047653668
0.0,0.0,0.0,0.0,15-43-25,-0.46418208,0.16712189,0.5641258,159.0,0.34823832,-2.176184,0.25781855
0.0,0.0,0.0,0.0,15-43-25,-0.46418208,0.16712189,0.5641258,159.0,0.34823832,-2.176184,0.25781855
0.0,0.0,0.0,0.0,15-43-25,-0.8610451,0.31645012,-0.472533,158.0,0.22116189,-2.3704646,0.39955768
0.0,0.0,0.0,0.0,15-43-25,-0.58001876,0.2733469,-0.8241966,157.0,0.12218889,-2.3325858,0.45820832
0.0,0.0,0.0,0.0,15-43-25,-0.12628278,-0.055345535,-0.30562925,157.0,0.029325332,-2.2727134,0.48753366
0.0,0.0,0.0,0.0,15-43-25,0.522759,-0.8161125,0.75934744,155.0,-0.014662666,-2.30937,0.39222634
0.0,0.0,0.0,0.0,15-43-25,0.522759,-0.8161125,0.75934744,155.0,-0.014662666,-2.30937,0.39222634
0.0,0.0,0.0,0.0,15-43-25,0.24174777,-0.3686266,0.44821024,155.0,0.087976,-2.8017912,0.1747301
0.0,0.0,0.0,0.0,15-43-25,0.09152228,-0.2450161,-0.15065432,155.0,0.10997,-2.8005693,0.131964
0.0,0.0,0.0,0.0,15-43-25,-0.33768356,-0.17633057,-0.12831306,155.0,0.11119189,-2.7419186,0.11363567
0.0,0.0,0.0,0.0,15-43-25,-0.7452457,-0.10500908,-0.054834604,157.0,0.13929534,-2.5561914,-0.046431776
0.0,0.0,0.0,0.0,15-43-25,-0.7452457,-0.10500908,-0.054834604,157.0,0.13929534,-2.5561914,-0.046431776
0.0,0.0,0.0,0.0,15-43-25,-0.60644984,0.38270378,-0.29305768,159.0,0.06964767,-2.551304,0.05620689
0.0,0.0,0.0,0.0,15-43-25,-0.64142215,0.2525587,-0.21127033,159.0,0.10752622,-2.310592,0.17717388
0.0,0.0,0.0,0.0,15-43-25,-0.5303817,0.24249649,-0.6393125,159.0,0.142961,-2.1407492,0.25904045
0.0,0.0,0.0,0.0,15-43-25,-0.48553514,-0.05184841,0.22232842,167.0,0.051319335,-1.5774585,0.39955768
0.0,0.0,0.0,0.0,15-43-25,-0.48553514,-0.05184841,0.22232842,167.0,0.051319335,-1.5774585,0.39955768
0.0,0.0,0.0,0.0,15-43-25,-0.023617506,-0.14678288,0.4210124,169.0,0.039100446,-1.6458843,0.39955768
0.0,0.0,0.0,0.0,15-43-25,0.4340377,-0.5981703,0.2890532,172.0,0.07575711,-1.6519938,0.36901045
0.0,0.0,0.0,0.0,15-43-25,0.6220101,-0.79997635,0.22087097,174.0,0.10874811,-1.7020912,0.23704645
0.0,0.0,0.0,0.0,15-43-25,-0.7808775,0.20686436,0.053717136,178.0,0.07820089,-2.047886,-0.27736878
0.0,0.0,0.0,0.0,15-43-25,-0.7808775,0.20686436,0.053717136,178.0,0.07820089,-2.047886,-0.27736878
0.0,0.0,0.0,0.0,15-43-25,-0.78574634,0.20228195,-0.041296482,180.0,0.09408545,-2.0405545,-0.230937
0.0,0.0,0.0,0.0,15-43-25,-0.76171756,0.32931232,-0.18485785,180.0,0.15151422,-1.8951498,-0.10386056
0.0,0.0,0.0,0.0,15-43-25,-0.65345883,0.25348282,-0.06179142,180.0,0.16984256,-1.8071736,-0.023215888
0.0,0.0,0.0,0.0,15-43-25,-0.18538141,-0.21085453,0.20559537,190.0,0.12585455,-1.8047299,0.06476011
0.0,0.0,0.0,0.0,15-43-25,-0.18538141,-0.21085453,0.20559537,190.0,0.12585455,-1.8047299,0.06476011
0.0,0.0,0.0,0.0,15-43-25,-0.52100873,-0.04862404,0.4765668,190.0,0.09652922,-1.9684631,0.07086956
0.0,0.0,0.0,0.0,15-43-25,-0.6070969,0.2420826,0.079164386,194.0,0.17228633,-1.9366938,0.186949
0.0,0.0,0.0,0.0,15-43-25,-0.6070969,0.2420826,0.079164386,194.0,0.17228633,-1.9366938,0.186949
0.0,0.0,0.0,0.0,15-43-25,-0.086189985,-0.26699257,0.13208258,205.0,0.072091445,-1.8597149,0.263928
0.0,0.0,0.0,0.0,15-43-25,-0.086189985,-0.26699257,0.13208258,205.0,0.061094444,-1.9000373,0.230937
0.0,0.0,0.0,0.0,15-43-25,-0.086189985,-0.26699257,0.13208258,210.0,0.061094444,-1.9000373,0.230937
0.0,0.0,0.0,0.0,15-43-25,-0.1982243,-0.30433464,0.152578,214.0,0.029325332,-2.0417764,0.15151422
0.0,0.0,0.0,0.0,15-43-25,-0.17145395,-0.28476048,0.395303,214.0,0.029325332,-2.0417764,0.15151422
0.0,0.0,0.0,0.0,15-43-25,-0.75346875,-0.3895235,1.3397495,221.0,-0.31769112,0.105082445,0.1857271
0.0,0.0,0.0,0.0,15-43-25,-0.75346875,-0.3895235,1.3397495,221.0,-0.31769112,0.105082445,0.1857271
0.0,0.0,0.0,0.0,15-43-25,-0.047177076,0.22340012,1.5424683,221.0,0.18328333,-0.21994,0.20772111
0.0,0.0,0.0,0.0,15-43-25,-0.8458152,0.5965519,-1.066875,224.0,0.35923535,-0.15640178,0.2517091
0.0,0.0,0.0,0.0,15-43-25,-0.8458152,0.5965519,-1.066875,224.0,0.35923535,-0.15640178,0.2517091
0.0,0.0,0.0,0.0,15-43-25,0.9537506,-1.2437983,-0.84584856,231.0,0.22849323,-0.036656667,0.32135677
0.0,0.0,0.0,0.0,15-43-25,0.9537506,-1.2437983,-0.84584856,231.0,0.22849323,-0.036656667,0.32135677
0.0,0.0,0.0,0.0,15-43-25,0.100195885,-0.75994873,-0.03647816,234.0,-0.18450522,-0.23826833,-0.13074212
0.0,0.0,0.0,0.0,15-43-25,0.12388611,-0.37656593,0.6150387,234.0,-0.18450522,-0.23826833,-0.13074212
0.0,0.0,0.0,0.0,15-43-25,0.16320157,-0.06903744,0.72593606,234.0,-0.15151422,-0.34579456,-0.21505244
0.0,0.0,0.0,0.0,15-43-25,-0.1760931,0.04026985,0.2212838,243.0,-0.051319335,-0.059872556,-0.057428777
0.0,0.0,0.0,0.0,15-43-25,-0.1760931,0.04026985,0.2212838,243.0,0.025659667,0.034212887,0.028103445
0.0,0.0,0.0,0.0,15-43-26,-0.19594765,-0.05219555,-0.07869828,246.0,0.042766113,0.051319335,0.04154422
0.0,0.0,0.0,0.0,15-43-26,-0.19594765,-0.05219555,-0.07869828,248.0,0.029325332,0.051319335,0.051319335
0.0,0.0,0.0,0.0,15-43-26,-0.0964005,-0.24954891,-0.07920122,248.0,-0.008553222,0.114857554,0.054985
0.0,0.0,0.0,0.0,15-43-26,0.1441009,-0.2708807,0.006968975,255.0,-0.046431776,0.06476011,-0.13929534
0.0,0.0,0.0,0.0,15-43-26,0.1441009,-0.2708807,0.006968975,255.0,-0.046431776,0.06476011,-0.13929534
0.0,0.0,0.0,0.0,15-43-26,0.06973648,-0.18815899,0.14530528,257.0,-0.039100446,0.05620689,-0.16984256
0.0,0.0,0.0,0.0,15-43-26,-0.08033228,-0.18291283,0.05734372,259.0,-0.042766113,0.03543478,-0.17228633
0.0,0.0,0.0,0.0,15-43-26,-0.10355997,-0.16028786,0.0015928745,261.0,-0.048875555,0.04520989,-0.16251123
0.0,0.0,0.0,0.0,15-43-26,-0.23320651,-0.08433056,0.0035392046,262.0,-0.02077211,0.123410776,-0.098973
0.0,0.0,0.0,0.0,15-43-26,-0.23320651,-0.08433056,0.0035392046,262.0,-0.02077211,0.17350823,-0.10386056
0.0,0.0,0.0,0.0,15-43-26,-0.032751083,-0.16187477,-0.08511305,263.0,-0.0048875557,0.24804345,-0.13440777
0.0,0.0,0.0,0.0,15-43-26,0.5531087,-0.83193874,-0.42854965,264.0,-0.0048875557,0.24804345,-0.13440777
0.0,0.0,0.0,0.0,15-43-26,0.60849345,-0.7264538,-0.6854279,264.0,-0.15029234,0.39222634,-0.3946701
0.0,0.0,0.0,0.0,15-43-26,-0.63666105,0.2665758,-0.043403625,264.0,-0.05620689,0.047653668,-0.208943
0.0,0.0,0.0,0.0,15-43-26,-0.63666105,0.2665758,-0.043403625,265.0,-0.05620689,0.047653668,-0.208943
0.0,0.0,0.0,0.0,15-43-26,-0.6024749,0.31855297,0.29254985,265.0,-0.042766113,0.05376311,-0.095307335
0.0,0.0,0.0,0.0,15-43-26,-0.7142308,0.32146168,0.29531646,265.0,-0.0048875557,0.07820089,-0.019550223
0.0,0.0,0.0,0.0,15-43-26,-0.030175447,-0.052545547,0.26827216,266.0,0.081866555,0.101416774,0.10874811
0.0,0.0,0.0,0.0,15-43-26,0.6222675,-0.9401169,-0.89070857,266.0,-0.0036656666,0.44843322,-0.08919789
0.0,0.0,0.0,0.0,15-43-26,0.6222675,-0.9401169,-0.89070857,266.0,-0.0036656666,0.44843322,-0.08919789
0.0,0.0,0.0,0.0,15-43-26,1.0874932,-0.8778162,-0.009127021,266.0,-0.20772111,0.54496247,-0.38245124
0.0,0.0,0.0,0.0,15-43-26,1.0771706,-1.0159283,0.49082232,266.0,-0.20772111,0.54496247,-0.38245124
0.0,0.0,0.0,0.0,15-43-26,0.4229462,-0.4402666,0.20716548,266.0,-0.19428033,0.37878555,-0.62927276
0.0,0.0,0.0,0.0,15-43-26,0.32660484,0.031090736,-0.7048979,266.0,0.018328333,1.31964,-0.35801345
0.0,0.0,0.0,0.0,15-43-26,0.32660484,0.031090736,-0.7048979,266.0,0.018328333,1.31964,-0.35801345
0.0,0.0,0.0,0.0,15-43-26,-0.43251896,-0.023693085,-0.49473095,266.0,-0.009775111,1.5310267,-0.31402543
0.0,0.0,0.0,0.0,15-43-26,-0.5438888,-0.21112347,-0.511034,266.0,-0.009775111,1.5310267,-0.31402543
0.0,0.0,0.0,0.0,15-43-26,-0.19866753,-0.12734795,-0.6345297,266.0,-0.087976,1.7546325,-0.24315588
0.0,0.0,0.0,0.0,15-43-26,0.07415509,-0.34825134,-0.13121843,266.0,-0.41299844,2.432781,-0.08064467
0.0,0.0,0.0,0.0,15-43-26,0.1935916,-0.41946697,1.0645671,266.0,-0.48631176,2.4596622,-0.11241378
0.0,0.0,0.0,0.0,15-43-26,0.3273363,-0.3614092,0.9542365,266.0,-0.43132678,2.3949022,-0.21749622
0.0,0.0,0.0,0.0,15-43-26,0.0704205,-0.036260605,1.7170038,266.0,-0.27736878,2.3325858,-0.25781855
0.0,0.0,0.0,0.0,15-43-26,-0.020934343,0.052963257,0.7283195,266.0,-0.105082445,2.298373,-0.30547222
0.0,0.0,0.0,0.0,15-43-26,-0.12920952,0.022947311,-0.13890505,264.0,-0.21871811,2.540307,-0.21505244
0.0,0.0,0.0,0.0,15-43-26,0.37383032,-0.12226868,0.36740708,263.0,-0.21871811,2.540307,-0.21505244
0.0,0.0,0.0,0.0,15-43-26,-0.100875616,-0.14212418,0.05517888,263.0,-0.21260867,2.6343925,-0.17106445
0.0,0.0,0.0,0.0,15-43-26,-0.100875616,-0.14212418,0.05517888,261.0,-0.17228633,2.7321436,-0.13562967
0.0,0.0,0.0,0.0,15-43-26,-0.5429995,-0.16812325,-0.22865629,261.0,-0.13685155,2.8091226,-0.14418289
0.0,0.0,0.0,0.0,15-43-26,0.30607378,-0.2681656,0.07662535,260.0,-0.20649922,2.9716337,-0.13562967
0.0,0.0,0.0,0.0,15-43-26,0.36179268,-0.17060184,-0.057840586,258.0,-0.20649922,2.9716337,-0.13562967
0.0,0.0,0.0,0.0,15-43-26,-0.49544084,-0.37797737,0.124761105,258.0,-0.23338078,2.9875183,-0.20649922
0.0,0.0,0.0,0.0,15-43-26,-0.49544084,-0.37797737,0.124761105,256.0,-0.23338078,2.9875183,-0.20649922
0.0,0.0,0.0,0.0,15-43-26,-0.11180961,0.010457993,-0.07907677,253.0,-0.25659665,2.9777431,-0.17106445
0.0,0.0,0.0,0.0,15-43-26,-0.18188345,-0.15334797,0.42173886,250.0,-0.22116189,3.126814,-0.10997
0.0,0.0,0.0,0.0,15-43-26,-0.23153484,-0.40817356,0.6012275,247.0,-0.22116189,3.126814,-0.10997
0.0,0.0,0.0,0.0,15-43-26,0.0024454594,-0.30453682,0.41165376,247.0,-0.16862066,3.0840476,-0.09041978
0.0,0.0,0.0,0.0,15-43-26,-0.42634588,-0.0051488876,0.12477994,243.0,-0.16862066,3.0877132,-0.09041978
0.0,0.0,0.0,0.0,15-43-26,-0.049324274,-0.1842556,-0.2574377,240.0,-0.20527734,3.0889351,-0.04154422
0.0,0.0,0.0,0.0,15-43-26,-0.17438287,-0.2085247,0.17729568,233.0,-0.22604944,3.3687475,-0.1331859
0.0,0.0,0.0,0.0,15-43-26,-0.069675654,0.053115845,0.13874078,233.0,-0.22604944,3.3687475,-0.1331859
0.0,0.0,0.0,0.0,15-43-27,-0.47891763,0.20132923,0.14529991,233.0,-0.23826833,3.36386,-0.20283355
0.0,0.0,0.0,0.0,15-43-27,-0.701244,0.23046017,0.3482833,229.0,-0.24315588,3.3418663,-0.11730133
0.0,0.0,0.0,0.0,15-43-27,-0.41303647,0.2149477,0.39754438,226.0,-0.2407121,3.3821886,-0.11730133
0.0,0.0,0.0,0.0,15-43-27,-0.14550221,-0.18645763,1.0148975,221.0,-0.26148424,2.9068737,-0.05376311
0.0,0.0,0.0,0.0,15-43-27,-0.17070246,0.0021953583,0.8001087,217.0,-0.26148424,2.9068737,-0.05376311
0.0,0.0,0.0,0.0,15-43-27,-0.17070246,0.0021953583,0.8001087,217.0,-0.26148424,2.9068737,-0.05376311
0.0,0.0,0.0,0.0,15-43-27,-0.09159219,-0.12548828,0.64587307,212.0,-0.13562967,2.793238,-0.05620689
0.0,0.0,0.0,0.0,15-43-27,0.22257143,-0.18617249,0.9583193,212.0,-0.105082445,2.6551645,-0.07942278
0.0,0.0,0.0,0.0,15-43-27,-0.09781253,0.16485023,0.48448348,199.0,-0.14540477,2.0087852,-0.24437778
0.0,0.0,0.0,0.0,15-43-27,-0.05326903,0.09575653,0.7554095,193.0,-0.14540477,2.0087852,-0.24437778
0.0,0.0,0.0,0.0,15-43-27,-0.008082747,0.02132225,1.3185159,193.0,-0.15029234,1.7008693,-0.22971511
0.0,0.0,0.0,0.0,15-43-27,0.15234756,-0.09931564,1.2750648,193.0,-0.081866555,1.352631,-0.22360566
0.0,0.0,0.0,0.0,15-43-27,0.13819551,-0.10661507,1.2375268,188.0,-0.081866555,1.352631,-0.22360566
0.0,0.0,0.0,0.0,15-43-27,-0.168836,0.27954865,1.0340374,180.0,-0.081866555,0.28470013,-0.21627434
0.0,0.0,0.0,0.0,15-43-27,-0.168836,0.27954865,1.0340374,180.0,-0.081866555,0.28470013,-0.21627434
0.0,0.0,0.0,0.0,15-43-27,-0.3731416,0.45493603,1.0712181,178.0,-0.06964767,-0.065982,-0.09408545
0.0,0.0,0.0,0.0,15-43-27,-0.25895584,0.35668182,1.0426118,178.0,-0.0012218889,-0.27981254,0.037878554
0.0,0.0,0.0,0.0,15-43-27,0.47883618,0.21798515,0.4096104,174.0,0.007331333,-0.34579456,0.07942278
0.0,0.0,0.0,0.0,15-43-27,0.41826582,-0.41910267,0.35055828,165.0,-0.029325332,-0.68670154,0.076979
0.0,0.0,0.0,0.0,15-43-27,0.32723796,-0.2768507,0.45605958,160.0,-0.029325332,-0.68670154,0.076979
0.0,0.0,0.0,0.0,15-43-27,0.32791483,-0.31394768,0.5912726,160.0,-0.014662666,-0.8040029,0.012218889
0.0,0.0,0.0,0.0,15-43-27,0.22351348,-0.3425274,0.5849017,155.0,0.014662666,-0.86143166,-0.012218889
0.0,0.0,0.0,0.0,15-43-27,0.11697936,0.0063352585,0.3321644,150.0,0.040322334,-0.88464755,-0.018328333
0.0,0.0,0.0,0.0,15-43-27,0.02504003,-0.08197498,0.24136758,144.0,0.009775111,-0.85165656,0.118523225
0.0,0.0,0.0,0.0,15-43-27,0.011698961,-0.08687019,0.3513509,141.0,-0.013440778,-0.89564455,0.13685155
0.0,0.0,0.0,0.0,15-43-27,0.011698961,-0.08687019,0.3513509,141.0,-0.013440778,-0.89564455,0.13685155
0.0,0.0,0.0,0.0,15-43-27,0.06987536,-0.045209885,0.74128926,139.0,-0.034212887,-1.077706,0.1857271
0.0,0.0,0.0,0.0,15-43-27,0.15072751,-0.2819872,0.9266521,137.0,-0.012218889,-1.1888978,0.19550222
0.0,0.0,0.0,0.0,15-43-27,0.12759352,-0.3278513,0.7246405,136.0,0.142961,-2.1480806,0.054985
0.0,0.0,0.0,0.0,15-43-27,-0.43886846,-0.4333601,0.14215565,135.0,0.142961,-2.1480806,0.054985
0.0,0.0,0.0,0.0,15-43-27,0.11011803,0.23391056,0.19415188,135.0,0.16862066,-2.1163116,0.051319335
0.0,0.0,0.0,0.0,15-43-27,-0.09244734,0.3190508,0.19949746,135.0,0.22604944,-2.1749623,0.06964767
0.0,0.0,0.0,0.0,15-43-27,-0.27921635,-0.13059998,-0.21910381,135.0,0.2627061,-2.229947,0.057428777
0.0,0.0,0.0,0.0,15-43-27,-0.5468571,0.38741016,0.18394518,134.0,0.048875555,-2.5012066,0.29814088
0.0,0.0,0.0,0.0,15-43-27,-0.47789517,0.33062935,0.10248017,134.0,0.07820089,-2.4889874,0.35679156
0.0,0.0,0.0,0.0,15-43-27,-0.26291186,0.06249714,0.07316589,134.0,0.07820089,-2.4889874,0.35679156
0.0,0.0,0.0,0.0,15-43-27,-0.0054484904,-0.23476696,0.04148674,134.0,0.124632664,-2.4669938,0.4081109
0.0,0.0,0.0,0.0,15-43-27,0.03864339,-0.53715897,0.06972885,135.0,0.10630433,-2.5012066,0.35556966
0.0,0.0,0.0,0.0,15-43-27,-0.16522595,-0.16282082,0.47762632,136.0,0.10019489,-2.945974,0.065982
0.0,0.0,0.0,0.0,15-43-27,-0.40352944,-0.07745266,0.24747658,137.0,0.13807344,-2.9985154,0.03176911
0.0,0.0,0.0,0.0,15-43-27,-0.41151965,-0.10167885,0.11943054,138.0,0.15151422,-3.0486128,0.015884556
0.0,0.0,0.0,0.0,15-43-27,-0.44213215,-0.043922424,-0.15424728,138.0,0.11974511,-3.0192876,0.047653668
0.0,0.0,0.0,0.0,15-43-27,-0.3451788,-0.039401054,-0.100332975,140.0,0.08675411,-3.0144,0.052541222
0.0,0.0,0.0,0.0,15-43-27,-0.18947506,-0.19049835,-0.009345293,145.0,0.18206145,-2.9606369,0.013440778
0.0,0.0,0.0,0.0,15-43-27,-0.5800398,-0.049790382,-0.117176294,148.0,0.16984256,-2.9374208,0.007331333
0.0,0.0,0.0,0.0,15-43-27,-0.82007813,0.08127308,-0.32068372,152.0,0.12707645,-2.9203146,0.04520989
0.0,0.0,0.0,0.0,15-43-27,-0.7023238,0.14651299,-0.3487599,152.0,0.09286355,-2.8861015,0.09652922
0.0,0.0,0.0,0.0,15-43-27,-0.54124737,0.08486271,-0.21327806,156.0,0.13562967,-2.6844897,0.17350823
0.0,0.0,0.0,0.0,15-43-28,0.15316045,-0.49663544,-0.043318033,160.0,0.14540477,-2.375352,0.059872556
0.0,0.0,0.0,0.0,15-43-28,0.15316045,-0.49663544,-0.043318033,164.0,0.14540477,-2.375352,0.059872556
0.0,0.0,0.0,0.0,15-43-28,-0.25521445,-0.1567564,-0.3401239,164.0,0.14418289,-2.2580507,-0.021994
0.0,0.0,0.0,0.0,15-43-28,-0.55395985,-0.0042209625,-0.34396672,169.0,0.14173912,-2.1016488,-0.012218889
0.0,0.0,0.0,0.0,15-43-28,-0.16143405,-0.16479015,-0.12301755,172.0,0.16984256,-2.0173388,-0.0061094444
0.0,0.0,0.0,0.0,15-43-28,-0.19576621,-0.052149773,-0.0013394356,181.0,0.12829833,-1.7179757,-0.036656667
0.0,0.0,0.0,0.0,15-43-28,-0.19576621,-0.052149773,-0.0013394356,181.0,0.12829833,-1.7179757,-0.036656667
0.0,0.0,0.0,0.0,15-43-28,-0.34420896,-0.0059862137,0.044099092,181.0,0.10019489,-1.6739877,0.029325332
0.0,0.0,0.0,0.0,15-43-28,-0.4302013,0.07213211,0.12968373,181.0,0.118523225,-1.6422187,0.07575711
0.0,0.0,0.0,0.0,15-43-28,-0.29773355,0.021867752,0.017230988,183.0,0.118523225,-1.6422187,0.07575711
0.0,0.0,0.0,0.0,15-43-28,-0.11022258,-0.2039957,0.07891369,195.0,0.1331859,-1.5224736,0.12829833
0.0,0.0,0.0,0.0,15-43-28,-0.12239456,-0.18508053,0.20672274,195.0,0.14173912,-1.5041453,0.114857554
0.0,0.0,0.0,0.0,15-43-28,-0.078078985,-0.17290592,0.24662876,195.0,0.14784856,-1.5126984,0.09652922
0.0,0.0,0.0,0.0,15-43-28,-0.06344628,-0.2320013,0.18650126,199.0,0.13685155,-1.5444676,0.07942278
0.0,0.0,0.0,0.0,15-43-28,-0.16109681,-0.29200268,0.2178986,204.0,0.13074212,-1.5957869,0.06476011
0.0,0.0,0.0,0.0,15-43-28,-0.1167655,-0.21424103,0.15086901,217.0,0.13074212,-1.5566864,0.072091445
0.0,0.0,0.0,0.0,15-43-28,-0.39300728,-0.21269417,0.011483431,217.0,0.13440777,-1.5408019,0.068425775
0.0,0.0,0.0,0.0,15-43-28,-0.119971514,-0.15548992,-0.020943403,217.0,0.13074212,-1.5420238,0.059872556
0.0,0.0,0.0,0.0,15-43-28,-0.12995982,-0.21160507,0.19599569,220.0,0.124632664,-1.5346924,0.04154422
0.0,0.0,0.0,0.0,15-43-28,-0.057649612,-0.34759617,0.16376328,220.0,0.12218889,-1.5273612,0.019550223
0.0,0.0,0.0,0.0,15-43-28,-0.36755872,-0.029538155,0.18463409,227.0,0.114857554,-1.5713491,-0.051319335
0.0,0.0,0.0,0.0,15-43-28,-0.36755872,-0.029538155,0.18463409,227.0,0.10874811,-1.5200298,-0.036656667
0.0,0.0,0.0,0.0,15-43-28,-0.32775664,-0.033768654,-0.28985965,227.0,0.10386056,-1.451604,-0.019550223
0.0,0.0,0.0,0.0,15-43-28,-0.511961,5.226135E-4,-0.02634871,229.0,0.087976,-1.3978409,0.012218889
0.0,0.0,0.0,0.0,15-43-28,-0.26522565,-0.04493332,0.18024194,229.0,0.07331333,-1.3208619,0.061094444
0.0,0.0,0.0,0.0,15-43-28,0.25717044,-0.14340019,-2.0239134,238.0,0.076979,-1.3880658,0.10386056
0.0,0.0,0.0,0.0,15-43-28,0.25717044,-0.14340019,-2.0239134,238.0,0.076979,-1.3880658,0.10386056
0.0,0.0,0.0,0.0,15-43-28,0.25717044,-0.14340019,-2.0239134,238.0,0.076979,-1.3880658,0.10386056
0.0,0.0,0.0,0.0,15-43-28,-1.2369289,0.0809536,0.485834,241.0,0.043988,0.04520989,0.22238378
0.0,0.0,0.0,0.0,15-43-28,-0.06291723,0.018318176,2.1187859,244.0,-0.14173912,0.057428777,0.340907
0.0,0.0,0.0,0.0,15-43-28,-0.13050008,-0.5529814,-1.1447781,247.0,0.263928,-0.10019489,0.25904045
0.0,0.0,0.0,0.0,15-43-28,-0.13050008,-0.5529814,-1.1447781,250.0,0.263928,-0.10019489,0.25904045
0.0,0.0,0.0,0.0,15-43-28,0.7395649,-0.5117245,0.8305947,252.0,-0.023215888,0.0048875557,-0.036656667
0.0,0.0,0.0,0.0,15-43-28,-0.064419985,-0.34539032,-0.5042319,252.0,0.03176911,-0.04520989,-0.14418289
0.0,0.0,0.0,0.0,15-43-28,-0.064419985,-0.34539032,-0.5042319,255.0,0.03176911,-0.04520989,-0.14418289
0.0,0.0,0.0,0.0,15-43-28,-0.36382008,-0.088391304,-0.19547987,259.0,0.02077211,-0.014662666,-0.12585455
0.0,0.0,0.0,0.0,15-43-28,-0.36382008,-0.088391304,-0.19547987,259.0,-0.037878554,0.054985,-0.07086956
0.0,0.0,0.0,0.0,15-43-28,-0.36382008,-0.088391304,-0.19547987,259.0,-0.037878554,0.054985,-0.07086956
0.0,0.0,0.0,0.0,15-43-28,-0.16800857,-0.016905785,0.40158653,259.0,-0.04154422,0.06476011,-0.051319335
0.0,0.0,0.0,0.0,15-43-28,-0.16222835,-0.12150478,0.25683117,259.0,0.02077211,0.036656667,-0.036656667
0.0,0.0,0.0,0.0,15-43-28,0.0035655499,-0.1584959,0.1320082,263.0,0.0036656666,0.046431776,-0.06353822
0.0,0.0,0.0,0.0,15-43-28,0.0035655499,-0.1584959,0.1320082,263.0,0.0036656666,0.046431776,-0.06353822
0.0,0.0,0.0,0.0,15-43-28,0.010174513,-0.21366882,0.03294933,263.0,0.0,0.058650665,-0.076979
0.0,0.0,0.0,0.0,15-43-28,-0.02693057,-0.22097683,0.06554711,264.0,-0.03176911,0.08064467,-0.09652922
0.0,0.0,0.0,0.0,15-43-28,-0.07906842,-0.17650986,0.12548685,265.0,-0.037878554,0.09775111,-0.105082445
0.0,0.0,0.0,0.0,15-43-28,-0.107153654,-0.109680176,0.1095891,268.0,-0.06353822,0.15884556,-0.11363567
0.0,0.0,0.0,0.0,15-43-28,-0.107153654,-0.109680176,0.1095891,268.0,-0.06353822,0.15884556,-0.11363567
0.0,0.0,0.0,0.0,15-43-28,0.0060732365,-0.12235832,0.27465415,268.0,-0.061094444,0.142961,-0.10263867
0.0,0.0,0.0,0.0,15-43-28,-0.12552619,-0.10638809,0.113758564,268.0,-0.028103445,0.13440777,-0.10630433
0.0,0.0,0.0,0.0,15-43-28,-0.057746172,-0.14043236,0.022544503,268.0,-0.032991,0.13685155,-0.10752622
0.0,0.0,0.0,0.0,15-43-29,-0.21660686,-0.009150505,0.0887115,269.0,-0.037878554,0.153958,-0.06720389
0.0,0.0,0.0,0.0,15-43-29,-0.21660686,-0.009150505,0.0887115,269.0,-0.037878554,0.153958,-0.06720389
0.0,0.0,0.0,0.0,15-43-29,-0.174124,-0.01941967,0.09270728,269.0,-0.037878554,0.153958,-0.06720389
0.0,0.0,0.0,0.0,15-43-29,-0.18333697,-0.11161327,0.12149036,270.0,-0.03176911,0.1747301,-0.026881555
0.0,0.0,0.0,0.0,15-43-29,0.03944683,-0.21011162,0.102574706,270.0,-0.028103445,0.20527734,-0.030547222
0.0,0.0,0.0,0.0,15-43-29,-0.15598631,0.02829647,-0.37539756,270.0,-0.054985,0.593838,-0.061094444
0.0,0.0,0.0,0.0,15-43-29,-0.15598631,0.02829647,-0.37539756,270.0,-0.054985,0.593838,-0.061094444
0.0,0.0,0.0,0.0,15-43-29,-4.005432E-5,0.015667915,-0.39782202,270.0,-0.050097443,0.7123612,-0.023215888
0.0,0.0,0.0,0.0,15-43-29,-0.08131385,-0.21228027,-0.47178423,270.0,-0.048875555,0.9860643,-0.032991
0.0,0.0,0.0,0.0,15-43-29,0.05376911,-0.26681328,-0.22695684,270.0,-0.059872556,1.0923687,-0.034212887
0.0,0.0,0.0,0.0,15-43-29,0.033123255,-0.21668053,-0.49035406,270.0,-0.17839578,1.4858168,-0.208943
0.0,0.0,0.0,0.0,15-43-29,0.033123255,-0.21668053,-0.49035406,270.0,-0.17839578,1.4858168,-0.208943
0.0,0.0,0.0,0.0,15-43-29,-0.071275234,-0.217947,-0.673954,269.0,-0.17839578,1.4858168,-0.208943
0.0,0.0,0.0,0.0,15-43-29,-0.21175241,-0.08008003,-0.3979982,269.0,-0.26759365,1.6507719,-0.21138678
0.0,0.0,0.0,0.0,15-43-29,-0.27952862,-0.09489727,-0.0034445524,269.0,-0.296919,1.7497449,-0.1857271
0.0,0.0,0.0,0.0,15-43-29,0.044609547,0.029279709,-0.119638205,268.0,-0.21138678,2.2898197,-0.21505244
0.0,0.0,0.0,0.0,15-43-29,0.044609547,0.029279709,-0.119638205,268.0,-0.21138678,2.2898197,-0.21505244
0.0,0.0,0.0,0.0,15-43-29,-0.37631655,-0.113949776,-0.115688086,267.0,-0.142961,2.3826833,-0.19672412
0.0,0.0,0.0,0.0,15-43-29,-0.23057699,-0.15585232,-0.34000468,267.0,-0.11119189,2.5671885,-0.175952
0.0,0.0,0.0,0.0,15-43-29,-0.43792915,0.038993835,-0.7888341,266.0,-0.11119189,2.5671885,-0.175952
0.0,0.0,0.0,0.0,15-43-29,-0.31818438,-0.19736767,-0.24863577,264.0,-0.20527734,3.066941,-0.095307335
0.0,0.0,0.0,0.0,15-43-29,-0.31818438,-0.19736767,-0.24863577,264.0,-0.20527734,3.066941,-0.095307335
0.0,0.0,0.0,0.0,15-43-29,-0.36138916,-0.23370838,0.02582264,262.0,-0.22727133,3.0608315,-0.11241378
0.0,0.0,0.0,0.0,15-43-29,-0.2934401,-0.31741905,0.09228182,262.0,-0.22971511,3.0730507,-0.12952022
0.0,0.0,0.0,0.0,15-43-29,-0.28081846,-0.1691513,-0.06859422,262.0,-0.23582456,3.0461688,-0.14418289
0.0,0.0,0.0,0.0,15-43-29,-0.45267272,-0.026889801,-0.14715362,255.0,-0.2761469,3.0302844,-0.07453522
0.0,0.0,0.0,0.0,15-43-29,-0.45267272,-0.026889801,-0.14715362,255.0,-0.2761469,3.0302844,-0.07453522
0.0,0.0,0.0,0.0,15-43-29,-0.46579838,-0.09477234,0.048638582,251.0,-0.30547222,3.0156217,-0.07331333
0.0,0.0,0.0,0.0,15-43-29,-0.34457278,-0.109311104,0.288826,251.0,-0.31402543,3.0192876,-0.065982
0.0,0.0,0.0,0.0,15-43-29,-0.11134994,-0.15934467,0.35568976,248.0,-0.29814088,3.0302844,-0.048875555
0.0,0.0,0.0,0.0,15-43-29,-0.21063352,-0.093131065,-0.09526992,236.0,-0.15273611,3.146364,-0.21871811
0.0,0.0,0.0,0.0,15-43-29,-0.21063352,-0.093131065,-0.09526992,236.0,-0.15273611,3.146364,-0.21871811
0.0,0.0,0.0,0.0,15-43-29,-0.24588996,0.25396538,-0.2447784,232.0,-0.16128933,3.231896,-0.20283355
0.0,0.0,0.0,0.0,15-43-29,-0.46796298,0.14900494,-0.23619795,232.0,-0.21260867,3.4164014,-0.15762366
0.0,0.0,0.0,0.0,15-43-29,-0.42209357,0.11021137,-0.36355567,229.0,-0.22727133,3.51904,-0.11607944
0.0,0.0,0.0,0.0,15-43-29,-0.63226557,0.23956776,-0.506032,224.0,-0.28836578,3.7695272,-0.17228633
0.0,0.0,0.0,0.0,15-43-29,-0.67440534,0.3135872,-0.47595692,224.0,-0.28836578,3.7695272,-0.17228633
0.0,0.0,0.0,0.0,15-43-29,-0.67440534,0.3135872,-0.47595692,224.0,-0.3836731,4.0065737,-0.07575711
0.0,0.0,0.0,0.0,15-43-29,-0.67440534,0.3135872,-0.47595692,224.0,-0.3836731,4.0065737,-0.07575711
0.0,0.0,0.0,0.0,15-43-29,-0.33933938,-0.425025,0.7933872,216.0,-0.39100444,4.1751943,-0.05620689
0.0,0.0,0.0,0.0,15-43-29,-0.4848144,0.016028404,0.12717867,204.0,-0.29447523,4.0517836,-0.23582456
0.0,0.0,0.0,0.0,15-43-29,-0.4848144,0.016028404,0.12717867,204.0,-0.29447523,4.0517836,-0.23582456
0.0,0.0,0.0,0.0,15-43-29,-0.52035874,0.03933525,0.060471773,197.0,-0.31769112,4.0444527,-0.23826833
0.0,0.0,0.0,0.0,15-43-29,-0.7172761,0.4190092,0.015202045,197.0,-0.37878555,4.092106,-0.16739878
0.0,0.0,0.0,0.0,15-43-29,-0.6628954,0.1909113,0.16304207,191.0,-0.40077955,4.1153216,-0.13807344
0.0,0.0,0.0,0.0,15-43-29,-0.75428224,0.20397091,1.3039141,177.0,-0.3726761,3.593575,-0.08308844
0.0,0.0,0.0,0.0,15-43-29,-0.75428224,0.20397091,1.3039141,177.0,-0.3726761,3.593575,-0.08308844
0.0,0.0,0.0,0.0,15-43-29,-0.63353086,0.32608128,1.3690505,177.0,-0.373898,3.3699696,-0.036656667
0.0,0.0,0.0,0.0,15-43-29,-0.0532099,-0.467515,2.2533383,172.0,-0.307916,2.7248123,-0.0036656666
0.0,0.0,0.0,0.0,15-43-29,-0.16221368,-0.442873,2.211383,172.0,-0.23704645,2.3912365,-0.019550223
0.0,0.0,0.0,0.0,15-43-30,-0.46199918,0.8924141,0.35131022,151.0,-0.20161167,1.0899249,-0.065982
0.0,0.0,0.0,0.0,15-43-30,-0.46199918,0.8924141,0.35131022,151.0,-0.20161167,1.0899249,-0.065982
0.0,0.0,0.0,0.0,15-43-30,-0.59504807,0.87190056,0.60058445,151.0,-0.20038977,1.022721,0.043988
0.0,0.0,0.0,0.0,15-43-30,-0.52786744,0.4849434,1.0741867,145.0,-0.13929534,0.9799549,0.16617689
0.0,0.0,0.0,0.0,15-43-30,0.31096768,-0.5394592,1.6420798,140.0,-0.007331333,0.7013642,0.28470013
0.0,0.0,0.0,0.0,15-43-30,0.45010448,-0.06874752,0.1676895,130.0,-0.07820089,-0.32502246,-0.23460266
0.0,0.0,0.0,0.0,15-43-30,0.45010448,-0.06874752,0.1676895,130.0,-0.07820089,-0.32502246,-0.23460266
0.0,0.0,0.0,0.0,15-43-30,0.15282297,0.16680145,-0.073073745,125.0,-0.07820089,-0.32502246,-0.23460266
0.0,0.0,0.0,0.0,15-43-30,-0.059140444,0.36244106,-0.27038127,125.0,-0.09775111,-0.22849323,-0.13685155
0.0,0.0,0.0,0.0,15-43-30,-0.061129093,0.36211395,0.27225155,125.0,-0.059872556,-0.1857271,-0.02077211
0.0,0.0,0.0,0.0,15-43-30,0.40440726,-0.14026737,0.07150388,45.0,0.0061094444,-0.5021963,-0.05620689
0.0,0.0,0.0,0.0,15-43-30,0.40440726,-0.14026737,0.07150388,45.0,0.0061094444,-0.5021963,-0.05620689
0.0,0.0,0.0,0.0,15-43-30,-0.035772324,-0.10582161,0.36220646,52.0,-0.048875555,-0.58650666,-0.08308844
0.0,0.0,0.0,0.0,15-43-30,-0.16675138,0.15214825,0.56928617,52.0,-0.08064467,-0.8003372,0.0036656666
0.0,0.0,0.0,0.0,15-43-30,-0.27228892,0.3581457,0.6845349,63.0,-0.08064467,-0.8003372,0.058650665
0.0,0.0,0.0,0.0,15-43-30,-0.02939868,-0.023610115,0.76949275,94.0,-0.029325332,-1.7778484,0.15762366
0.0,0.0,0.0,0.0,15-43-30,-0.02939868,-0.023610115,0.76949275,94.0,-0.029325332,-1.7778484,0.15762366
0.0,0.0,0.0,0.0,15-43-30,-0.017326832,-0.006095886,0.8406483,94.0,-0.037878554,-1.97946,0.16251123
0.0,0.0,0.0,0.0,15-43-30,-0.21984303,-0.10052109,1.0319997,94.0,-0.0036656666,-2.3704646,0.18328333
0.0,0.0,0.0,0.0,15-43-30,-0.081077814,-0.22596836,1.246512,92.0,0.032991,-2.5757418,0.16739878
0.0,0.0,0.0,0.0,15-43-30,-0.29222894,-0.08678341,0.13419235,90.0,0.16617689,-3.4273982,0.22116189
0.0,0.0,0.0,0.0,15-43-30,-0.29222894,-0.08678341,0.13419235,90.0,0.16617689,-3.4273982,0.22116189
0.0,0.0,0.0,0.0,15-43-30,-0.25983596,-0.43492413,0.21867204,90.0,0.10386056,-3.5618062,0.197946
0.0,0.0,0.0,0.0,15-43-30,-0.18282342,-0.33115673,0.34996903,90.0,0.054985,-3.6705542,0.15517989
0.0,0.0,0.0,0.0,15-43-30,-0.3769257,-0.46789265,0.5350821,90.0,0.057428777,-3.8452845,0.047653668
0.0,0.0,0.0,0.0,15-43-30,-0.7866647,0.056141853,0.20309913,90.0,0.17350823,-4.2045197,-0.095307335
0.0,0.0,0.0,0.0,15-43-30,-0.7866647,0.056141853,0.20309913,90.0,0.17350823,-4.2045197,-0.095307335
0.0,0.0,0.0,0.0,15-43-30,-0.9504043,-0.03319931,0.13151193,91.0,0.1857271,-4.2216263,-0.091641665
0.0,0.0,0.0,0.0,15-43-30,-0.83034146,-0.058224678,-0.11401248,91.0,0.22360566,-4.189857,-0.04154422
0.0,0.0,0.0,0.0,15-43-30,-0.83308125,-0.17085457,0.008478403,92.0,0.2517091,-4.176416,-0.036656667
0.0,0.0,0.0,0.0,15-43-30,-1.0391015,0.14128876,-0.30227828,88.0,0.20649922,-3.9784703,-0.032991
0.0,0.0,0.0,0.0,15-43-30,-0.9662997,0.0026340485,-0.015400171,88.0,0.20649922,-3.9784703,-0.032991
0.0,0.0,0.0,0.0,15-43-30,-0.9662997,0.0026340485,-0.015400171,78.0,0.20161167,-3.938148,0.0048875557
0.0,0.0,0.0,0.0,15-43-30,-0.6322306,-0.29728222,0.08879852,65.0,0.252931,-3.846506,0.032991
0.0,0.0,0.0,0.0,15-43-30,-0.5115565,-0.38206863,-0.25977826,65.0,0.27125934,-3.7695272,0.024437778
0.0,0.0,0.0,0.0,15-43-30,-0.91010624,0.36723423,-0.10255003,45.0,0.19550222,-3.3882978,-0.030547222
0.0,0.0,0.0,0.0,15-43-30,-0.91010624,0.36723423,-0.10255003,45.0,0.19550222,-3.3882978,-0.030547222
0.0,0.0,0.0,0.0,15-43-30,-0.6641227,0.12847614,-0.2765615,117.0,0.21383056,-3.3174284,0.028103445
0.0,0.0,0.0,0.0,15-43-30,-0.60357594,-0.051797867,-0.41879416,122.0,0.241934,-3.1622484,0.10386056
0.0,0.0,0.0,0.0,15-43-30,-0.27928138,-0.34360218,-0.12707591,122.0,0.18939278,-3.0046248,0.11241378
0.0,0.0,0.0,0.0,15-43-30,-0.20950627,-0.4175806,0.5350096,131.0,0.27981254,-3.003403,-0.1881709
0.0,0.0,0.0,0.0,15-43-30,-0.20950627,-0.4175806,0.5350096,131.0,0.27981254,-3.003403,-0.1881709
0.0,0.0,0.0,0.0,15-43-30,-0.6137775,-0.09560585,0.49851775,134.0,0.31524733,-3.1060417,-0.24926533
0.0,0.0,0.0,0.0,15-43-30,-0.6079724,0.08508396,0.051223278,137.0,0.33357567,-3.123148,-0.24926533
0.0,0.0,0.0,0.0,15-43-30,-0.7206712,0.20334911,0.03379941,137.0,0.3616791,-3.1145947,-0.21749622
0.0,0.0,0.0,0.0,15-43-30,-0.22599125,-0.12879658,-0.28919244,153.0,0.28470013,-2.430337,-0.072091445
0.0,0.0,0.0,0.0,15-43-30,-0.22599125,-0.12879658,-0.28919244,153.0,0.28470013,-2.430337,-0.072091445
0.0,0.0,0.0,0.0,15-43-30,-0.3849008,-0.019824028,-0.31810617,160.0,0.24682155,-2.2837102,-0.065982
0.0,0.0,0.0,0.0,15-43-30,-0.53935504,0.15509892,0.0022301674,167.0,0.2553748,-2.0063415,0.04154422
0.0,0.0,0.0,0.0,15-43-30,-0.62586975,0.09503555,-0.4392116,167.0,0.2553748,-2.0063415,0.04154422
0.0,0.0,0.0,0.0,15-43-31,-0.029224157,-0.1973381,0.019856453,177.0,0.15151422,-1.6397749,0.16251123
0.0,0.0,0.0,0.0,15-43-31,-0.029224157,-0.1973381,0.019856453,177.0,0.15151422,-1.6397749,0.16251123
0.0,0.0,0.0,0.0,15-43-31,-0.3263328,0.022506714,0.10721719,181.0,0.16006744,-1.5334705,0.15884556
0.0,0.0,0.0,0.0,15-43-31,-0.283978,0.03406334,0.21310759,185.0,0.16006744,-1.4687104,0.15884556
0.0,0.0,0.0,0.0,15-43-31,-0.19034934,-0.044003487,0.43839657,185.0,0.153958,-1.4125036,0.18450522
0.0,0.0,0.0,0.0,15-43-31,-0.26801157,-0.447587,-0.31444347,202.0,0.186949,-1.2793176,0.274925
0.0,0.0,0.0,0.0,15-43-31,-0.26801157,-0.447587,-0.31444347,202.0,0.186949,-1.2793176,0.274925
0.0,0.0,0.0,0.0,15-43-31,-0.13000083,-0.18162441,-0.043355584,208.0,0.123410776,-1.2145575,0.2553748
0.0,0.0,0.0,0.0,15-43-31,-0.29884624,-0.20490074,0.053563118,213.0,0.101416774,-1.1607945,0.23949023
0.0,0.0,0.0,0.0,15-43-31,-0.29884624,-0.20490074,0.053563118,213.0,0.087976,-1.1314691,0.24559967
0.0,0.0,0.0,0.0,15-43-31,1.1968582,0.36848545,-0.37943017,221.0,0.095307335,-1.1094751,0.5193028
0.0,0.0,0.0,0.0,15-43-31,1.1968582,0.36848545,-0.37943017,221.0,0.095307335,-1.1094751,0.5193028
0.0,0.0,0.0,0.0,15-43-31,0.6615093,0.2169609,0.0037506819,224.0,-0.040322334,-1.0838155,0.17106445
0.0,0.0,0.0,0.0,15-43-31,-0.101542234,-0.28391647,0.05572784,227.0,0.02077211,-1.0801498,0.061094444
0.0,0.0,0.0,0.0,15-43-31,0.4008243,0.22725582,-1.827812,227.0,0.02077211,-1.0801498,0.061094444
0.0,0.0,0.0,0.0,15-43-31,0.53629375,0.18061829,1.1812099,233.0,0.24559967,-0.04154422,0.2553748
0.0,0.0,0.0,0.0,15-43-31,0.53629375,0.18061829,1.1812099,233.0,0.24559967,-0.04154422,0.2553748
0.0,0.0,0.0,0.0,15-43-31,-0.16904259,-0.3412304,-0.8932413,236.0,0.16373311,-0.030547222,0.175952
0.0,0.0,0.0,0.0,15-43-31,0.38977432,-0.2746687,0.5101703,239.0,-0.048875555,-0.019550223,0.1331859
0.0,0.0,0.0,0.0,15-43-31,0.38977432,-0.2746687,0.5101703,239.0,0.0,-0.034212887,0.08675411
0.0,0.0,0.0,0.0,15-43-31,0.3567028,-0.46695995,0.529176,249.0,-0.040322334,0.17106445,-0.3714542
0.0,0.0,0.0,0.0,15-43-31,0.3567028,-0.46695995,0.529176,249.0,-0.040322334,0.17106445,-0.3714542
0.0,0.0,0.0,0.0,15-43-31,0.07614398,-0.12544537,0.15531063,249.0,-0.042766113,0.13074212,-0.42032978
0.0,0.0,0.0,0.0,15-43-31,-0.40953326,-0.18107414,0.24341738,251.0,-0.058650665,0.10386056,-0.35434777
0.0,0.0,0.0,0.0,15-43-31,-0.15951443,-0.15390015,0.37971807,251.0,-0.04154422,0.11607944,-0.31646922
0.0,0.0,0.0,0.0,15-43-31,-0.3288746,-0.024980545,0.41706944,257.0,-0.08064467,0.085532226,-0.33601946
0.0,0.0,0.0,0.0,15-43-31,-0.3288746,-0.024980545,0.41706944,257.0,-0.057428777,0.08308844,-0.307916
0.0,0.0,0.0,0.0,15-43-31,-0.21206951,0.096912384,0.32436514,259.0,-0.026881555,0.08919789,-0.274925
0.0,0.0,0.0,0.0,15-43-31,-0.1171937,-0.047222137,0.2636758,260.0,-0.0061094444,0.105082445,-0.24315588
0.0,0.0,0.0,0.0,15-43-31,-0.1171937,-0.047222137,0.2636758,260.0,0.0036656666,0.10874811,-0.22116189
0.0,0.0,0.0,0.0,15-43-31,-0.14532304,0.08052349,0.11170709,263.0,0.061094444,0.09286355,0.062316332
0.0,0.0,0.0,0.0,15-43-31,-0.14532304,0.08052349,0.11170709,263.0,0.06964767,0.08919789,0.076979
0.0,0.0,0.0,0.0,15-43-31,0.47857404,-0.07557392,0.26652706,263.0,0.054985,0.037878554,0.036656667
0.0,0.0,0.0,0.0,15-43-31,0.27063227,-0.36104298,0.029587746,263.0,0.046431776,-0.026881555,-0.021994
0.0,0.0,0.0,0.0,15-43-31,0.27063227,-0.36104298,0.029587746,263.0,0.046431776,-0.026881555,-0.021994
0.0,0.0,0.0,0.0,15-43-31,-0.317868,-0.11619282,0.06751943,265.0,0.0036656666,0.0024437779,-0.07453522
0.0,0.0,0.0,0.0,15-43-31,-0.317868,-0.11619282,0.06751943,265.0,0.0036656666,0.0024437779,-0.07453522
0.0,0.0,0.0,0.0,15-43-31,-0.0028977394,-0.051106453,0.24800634,265.0,-0.010997,0.0024437779,-0.007331333
0.0,0.0,0.0,0.0,15-43-31,0.06861973,-0.12178326,0.1660918,265.0,-0.0036656666,0.008553222,0.0061094444
0.0,0.0,0.0,0.0,15-43-31,0.06861973,-0.12178326,0.1660918,265.0,0.010997,0.0048875557,-0.0048875557
0.0,0.0,0.0,0.0,15-43-31,-0.07295871,-0.033075333,0.19574225,266.0,0.0048875557,-0.007331333,-0.029325332
0.0,0.0,0.0,0.0,15-43-31,-0.07295871,-0.033075333,0.19574225,266.0,0.0048875557,-0.007331333,-0.029325332
0.0,0.0,0.0,0.0,15-43-31,-0.08200097,-0.019495964,0.17733347,266.0,0.0036656666,0.0012218889,-0.024437778
0.0,0.0,0.0,0.0,15-43-31,-0.08200097,-0.019495964,0.17733347,266.0,0.0036656666,0.0012218889,-0.024437778
0.0,0.0,0.0,0.0,15-43-31,-0.021429062,0.01760006,0.18027556,266.0,0.0,0.0012218889,-0.012218889
0.0,0.0,0.0,0.0,15-43-31,0.02374053,-0.08908272,0.14982557,266.0,0.02077211,0.0012218889,0.015884556
0.0,0.0,0.0,0.0,15-43-31,0.02374053,-0.08908272,0.14982557,266.0,0.02077211,0.0012218889,0.015884556
0.0,0.0,0.0,0.0,15-43-31,-0.046049118,-0.14576626,0.061468363,266.0,0.024437778,-0.0061094444,-0.0061094444
0.0,0.0,0.0,0.0,15-43-31,-0.04169488,-0.15450001,0.10834789,266.0,0.010997,-0.007331333,-0.008553222
0.0,0.0,0.0,0.0,15-43-31,-0.023153305,-0.09428978,0.15343451,266.0,0.009775111,-0.0012218889,-0.017106444
0.0,0.0,0.0,0.0,15-43-32,-0.11444116,-0.10553551,0.15127754,267.0,0.026881555,0.0,0.015884556
0.0,0.0,0.0,0.0,15-43-32,-0.065490246,-0.16668129,0.13178265,267.0,0.026881555,0.0,0.015884556
0.0,0.0,0.0,0.0,15-43-32,0.0790782,-0.22918034,0.06465411,267.0,0.02077211,-0.0048875557,0.017106444
0.0,0.0,0.0,0.0,15-43-32,0.0790782,-0.22918034,0.06465411,267.0,0.02077211,-0.0048875557,0.017106444
0.0,0.0,0.0,0.0,15-43-32,0.06597853,-0.2656641,0.071409106,268.0,0.02077211,-0.0048875557,0.017106444
0.0,0.0,0.0,0.0,15-43-32,-0.044461727,-0.08655453,0.11383057,268.0,0.0061094444,-0.0012218889,0.014662666
0.0,0.0,0.0,0.0,15-43-32,-0.044461727,-0.08655453,0.11383057,268.0,0.0061094444,-0.0012218889,0.014662666
0.0,0.0,0.0,0.0,15-43-32,-0.040947676,-0.19068718,0.18233907,268.0,0.0036656666,-0.0048875557,0.015884556
0.0,0.0,0.0,0.0,15-43-32,0.0066902637,-0.2064867,0.11367452,268.0,0.012218889,0.0,0.023215888
0.0,0.0,0.0,0.0,15-43-32,0.043801785,-0.11735153,0.04180765,268.0,0.014662666,-0.0036656666,0.015884556
0.0,0.0,0.0,0.0,15-43-32,-0.045900345,-0.23202896,0.09162915,268.0,-0.0048875557,-0.007331333,0.0
0.0,0.0,0.0,0.0,15-43-32,-0.045900345,-0.23202896,0.09162915,268.0,-0.0048875557,-0.007331333,0.0
0.0,0.0,0.0,0.0,15-43-32,-0.045900345,-0.23202896,0.09162915,268.0,-0.0024437779,-0.007331333,0.009775111
0.0,0.0,0.0,0.0,15-43-32,0.04231453,-0.011855125,0.11646092,268.0,-0.0024437779,-0.007331333,0.009775111
0.0,0.0,0.0,0.0,15-43-32,-0.076164484,-0.12580776,0.13495457,268.0,-0.009775111,-0.008553222,-0.021994
0.0,0.0,0.0,0.0,15-43-32,-0.033887863,-0.15119553,0.074245095,268.0,0.0024437779,-0.0061094444,0.0048875557
0.0,0.0,0.0,0.0,15-43-32,-0.033887863,-0.15119553,0.074245095,268.0,-0.007331333,-0.0048875557,0.010997
0.0,0.0,0.0,0.0,15-43-32,0.053245544,-0.031580925,0.022957563,268.0,-0.0048875557,-0.007331333,0.0012218889
0.0,0.0,0.0,0.0,15-43-32,0.05214119,-0.032092094,0.022223115,269.0,-0.0061094444,-0.009775111,-0.014662666
0.0,0.0,0.0,0.0,15-43-32,-0.039646626,-0.08087921,0.10879159,269.0,-0.0061094444,-0.009775111,-0.014662666
0.0,0.0,0.0,0.0,15-43-32,-0.060041904,-0.3086872,0.08614862,269.0,0.008553222,-0.0036656666,0.051319335
0.0,0.0,0.0,0.0,15-43-32,-0.060041904,-0.3086872,0.08614862,269.0,0.008553222,-0.0036656666,0.051319335
0.0,0.0,0.0,0.0,15-43-32,0.18819857,-0.22310257,0.04867983,269.0,-0.0012218889,-0.007331333,0.0024437779
0.0,0.0,0.0,0.0,15-43-32,0.15976763,-0.22563839,0.029522777,269.0,-0.015884556,-0.0036656666,-0.023215888
0.0,0.0,0.0,0.0,15-43-32,0.06229067,-0.20825768,-0.012543082,269.0,-0.025659667,-0.0024437779,-0.03543478
0.0,0.0,0.0,0.0,15-43-32,-0.15890384,-0.060832977,0.13268971,269.0,0.0024437779,-0.0024437779,0.028103445
0.0,0.0,0.0,0.0,15-43-32,-3.0755997E-4,-0.048166275,0.13794982,269.0,0.009775111,-0.0061094444,0.04154422
0.0,0.0,0.0,0.0,15-43-32,0.088585615,-0.10479164,0.084421515,269.0,0.0024437779,-0.008553222,0.0061094444
0.0,0.0,0.0,0.0,15-43-32,0.12986755,-0.14146137,0.07607019,269.0,0.0024437779,-0.008553222,0.0061094444
0.0,0.0,0.0,0.0,15-43-32,0.084145784,-0.22047043,0.06735182,269.0,-0.007331333,-0.0061094444,-0.009775111
0.0,0.0,0.0,0.0,15-43-32,0.07675719,-0.06686306,-0.09813225,269.0,-0.007331333,-0.010997,-0.05376311
0.0,0.0,0.0,0.0,15-43-32,0.07675719,-0.06686306,-0.09813225,269.0,-0.007331333,-0.010997,-0.05376311
0.0,0.0,0.0,0.0,15-43-32,-0.14495802,-0.026698112,0.34482694,269.0,-0.03543478,0.0024437779,-0.028103445
0.0,0.0,0.0,0.0,15-43-32,-0.14190221,-0.026447296,0.339159,269.0,-0.014662666,-0.040322334,-0.032991
0.0,0.0,0.0,0.0,15-43-32,-0.04244256,-0.11054039,-0.018119454,269.0,0.028103445,-0.019550223,-0.036656667
0.0,0.0,0.0,0.0,15-43-32,0.35469365,-0.6266508,-0.17904258,269.0,0.015884556,0.186949,-0.08431033
0.0,0.0,0.0,0.0,15-43-32,0.35469365,-0.6266508,-0.17904258,269.0,0.015884556,0.186949,-0.08431033
0.0,0.0,0.0,0.0,15-43-32,0.3118279,-0.23344803,0.32769334,269.0,-0.09775111,-0.07453522,-0.15517989
0.0,0.0,0.0,0.0,15-43-32,0.3118279,-0.23344803,0.32769334,269.0,-0.09775111,-0.07453522,-0.15517989
0.0,0.0,0.0,0.0,15-43-32,-0.6692095,0.49922085,0.08727872,269.0,-0.059872556,-0.07331333,-0.14540477
0.0,0.0,0.0,0.0,15-43-32,0.11769819,-0.2354002,-0.03867364,269.0,0.042766113,-0.015884556,0.07575711
0.0,0.0,0.0,0.0,15-43-32,0.11769819,-0.2354002,-0.03867364,269.0,0.018328333,-0.036656667,0.059872556
0.0,0.0,0.0,0.0,15-43-32,0.015360355,-0.06855011,0.16686809,269.0,-0.0024437779,-0.043988,0.043988
0.0,0.0,0.0,0.0,15-43-32,-0.06802988,-0.02089119,0.18670845,269.0,0.009775111,-0.028103445,0.025659667
0.0,0.0,0.0,0.0,15-43-32,-0.15217018,-0.04941082,0.09001398,269.0,0.009775111,-0.028103445,0.025659667
0.0,0.0,0.0,0.0,15-43-32,0.22974205,-0.4186058,-0.15414345,269.0,0.009775111,-0.019550223,0.028103445
0.0,0.0,0.0,0.0,15-43-32,0.22974205,-0.4186058,-0.15414345,269.0,0.009775111,-0.019550223,0.028103445
0.0,0.0,0.0,0.0,15-43-32,-0.08770013,-0.23853302,0.037535906,269.0,-0.012218889,-0.023215888,0.0061094444
0.0,0.0,0.0,0.0,15-43-32,-0.2630601,-0.19971657,0.11219704,269.0,-0.021994,-0.007331333,-0.028103445
0.0,0.0,0.0,0.0,15-43-32,-0.2490313,-0.21416569,0.14165127,269.0,0.012218889,-0.010997,0.10019489
0.0,0.0,0.0,0.0,15-43-33,0.07718015,-0.027091026,0.04520178,269.0,-0.02077211,0.008553222,0.03176911
0.0,0.0,0.0,0.0,15-43-33,0.07718015,-0.027091026,0.04520178,269.0,-0.02077211,0.008553222,0.03176911
0.0,0.0,0.0,0.0,15-43-33,0.16980553,0.054135323,0.19335878,269.0,-0.0036656666,-0.0012218889,0.047653668
0.0,0.0,0.0,0.0,15-43-33,0.15412974,0.088508606,0.14364791,269.0,0.0048875557,-0.010997,0.051319335
0.0,0.0,0.0,0.0,15-43-33,0.066366196,-0.17308617,0.022604108,269.0,0.010997,-0.012218889,0.032991
0.0,0.0,0.0,0.0,15-43-33,0.13719177,-0.08103657,0.014556885,269.0,-0.0012218889,-0.013440778,-0.0061094444
0.0,0.0,0.0,0.0,15-43-33,0.13719177,-0.08103657,0.014556885,269.0,-0.0012218889,-0.013440778,-0.0061094444
0.0,0.0,0.0,0.0,15-43-33,-0.13283491,0.011842728,0.12617958,269.0,-0.029325332,0.0,-0.040322334
0.0,0.0,0.0,0.0,15-43-33,-0.13111234,0.08311081,0.14453089,269.0,-0.0012218889,-0.008553222,-0.008553222
0.0,0.0,0.0,0.0,15-43-33,-0.110702515,-0.0064086914,-0.014596343,269.0,0.0048875557,-0.0024437779,0.0012218889
0.0,0.0,0.0,0.0,15-43-33,0.16049981,-0.12786484,-0.04068935,269.0,0.014662666,-0.010997,-0.0061094444
0.0,0.0,0.0,0.0,15-43-33,0.16049981,-0.12786484,-0.04068935,269.0,0.014662666,-0.010997,-0.0061094444
0.0,0.0,0.0,0.0,15-43-33,0.03882408,-0.25351524,-0.052069783,269.0,0.0024437779,-0.0061094444,-0.024437778
0.0,0.0,0.0,0.0,15-43-33,0.058891773,-0.1772852,0.092508554,269.0,-0.009775111,-0.0012218889,-0.025659667
0.0,0.0,0.0,0.0,15-43-33,-0.12742305,-0.16575241,0.07080233,269.0,-0.0012218889,-0.012218889,-0.030547222
0.0,0.0,0.0,0.0,15-43-33,-0.046934605,-0.11278534,0.081375,269.0,0.0048875557,-0.0024437779,-0.0024437779
0.0,0.0,0.0,0.0,15-43-33,-0.046934605,-0.11278534,0.081375,269.0,0.008553222,-0.0024437779,0.007331333
0.0,0.0,0.0,0.0,15-43-33,0.09032488,-0.04354191,-0.0041576624,269.0,-0.0036656666,-0.0012218889,-0.0036656666
0.0,0.0,0.0,0.0,15-43-33,0.11500096,9.403229E-4,-0.011497617,269.0,-0.0036656666,-0.0012218889,-0.0036656666
0.0,0.0,0.0,0.0,15-43-33,0.021155834,-0.20798874,0.036197543,269.0,0.0,-0.0061094444,0.0012218889
0.0,0.0,0.0,0.0,15-43-33,-0.07928538,-0.11689949,0.15943718,269.0,0.014662666,0.0,0.0024437779
0.0,0.0,0.0,0.0,15-43-33,-0.07928538,-0.11689949,0.15943718,269.0,0.014662666,0.0,0.0024437779
0.0,0.0,0.0,0.0,15-43-33,-0.038707733,-0.034035683,0.1305319,269.0,0.042766113,0.0,0.026881555
0.0,0.0,0.0,0.0,15-43-33,0.39794278,-0.2558384,-0.11530006,269.0,0.039100446,0.0012218889,0.039100446
0.0,0.0,0.0,0.0,15-43-33,0.19149423,-0.1922493,-0.03080988,269.0,-0.0012218889,-0.007331333,-0.0036656666
0.0,0.0,0.0,0.0,15-43-33,-0.18484354,-0.07295513,0.05739987,269.0,0.019550223,-0.014662666,0.0
0.0,0.0,0.0,0.0,15-43-33,-0.18484354,-0.07295513,0.05739987,269.0,0.019550223,-0.014662666,0.0
0.0,0.0,0.0,0.0,15-43-33,-0.08242226,-0.08131313,-0.114237905,269.0,-0.017106444,0.0012218889,0.015884556
0.0,0.0,0.0,0.0,15-43-33,0.04190731,-0.31691456,0.14326882,269.0,-0.023215888,-0.009775111,0.010997
0.0,0.0,0.0,0.0,15-43-33,0.09472489,-0.3665161,0.045006275,269.0,-0.012218889,-0.013440778,0.010997
0.0,0.0,0.0,0.0,15-43-33,0.091563225,-0.16456604,0.11658776,269.0,-0.065982,-0.013440778,-0.050097443
0.0,0.0,0.0,0.0,15-43-33,0.091563225,-0.16456604,0.11658776,269.0,-0.065982,-0.013440778,-0.050097443
0.0,0.0,0.0,0.0,15-43-33,-0.23990655,0.12775517,0.17216933,269.0,-0.03176911,-0.007331333,-0.051319335
0.0,0.0,0.0,0.0,15-43-33,-0.23382664,0.12919521,0.16709387,269.0,-0.015884556,0.0,-0.034212887
0.0,0.0,0.0,0.0,15-43-33,-0.22506928,0.134161,0.12847805,269.0,-0.0061094444,-0.0036656666,-0.0012218889
0.0,0.0,0.0,0.0,15-43-33,-0.22506928,0.134161,0.12847805,269.0,-0.0061094444,-0.0036656666,-0.0012218889
0.0,0.0,0.0,0.0,15-43-33,-0.22506928,0.134161,0.12847805,269.0,-0.0061094444,-0.0036656666,-0.0012218889
0.0,0.0,0.0,0.0,15-43-33,-0.22506928,0.134161,0.12847805,269.0,-0.0061094444,-0.0036656666,-0.0012218889
0.0,0.0,0.0,0.0,15-43-33,-0.22506928,0.134161,0.12847805,269.0,-0.0061094444,-0.0036656666,-0.0012218889
0.0,0.0,0.0,0.0,15-43-33,-0.22506928,0.134161,0.12847805,269.0,-0.0061094444,-0.0036656666,-0.0012218889
0.0,0.0,0.0,0.0,15-43-33,-0.22506928,0.134161,0.12847805,269.0,-0.0061094444,-0.0036656666,-0.0012218889
0.0,0.0,0.0,0.0,15-43-33,-0.22506928,0.134161,0.12847805,269.0,-0.0061094444,-0.0036656666,-0.0012218889
0.0,0.0,0.0,0.0,15-43-33,-0.22506928,0.134161,0.12847805,269.0,-0.0061094444,-0.0036656666,-0.0012218889
0.0,0.0,0.0,0.0,15-43-33,-0.22506928,0.134161,0.12847805,269.0,-0.0061094444,-0.0036656666,-0.0012218889
